{"source":2,"revision":6,"description":null,"createdBy":{"displayName":"Basavaraj Jakkannavar","url":"https://spsprodsin1.vssps.visualstudio.com/Af7b8f002-2267-459a-a1bf-3bd3ee1fe9b2/_apis/Identities/1afd4d4b-6373-67f7-8dde-986e8e430101","_links":{"avatar":{"href":"https://dev.azure.com/azuresynapserepository/_apis/GraphProfile/MemberAvatars/aad.MWFmZDRkNGItNjM3My03N2Y3LThkZGUtOTg2ZThlNDMwMTAx"}},"id":"1afd4d4b-6373-67f7-8dde-986e8e430101","uniqueName":"Basavaraj.J@BRILLIO.COM","imageUrl":"https://dev.azure.com/azuresynapserepository/_apis/GraphProfile/MemberAvatars/aad.MWFmZDRkNGItNjM3My03N2Y3LThkZGUtOTg2ZThlNDMwMTAx","descriptor":"aad.MWFmZDRkNGItNjM3My03N2Y3LThkZGUtOTg2ZThlNDMwMTAx"},"createdOn":"2022-02-02T03:49:04.730Z","modifiedBy":{"displayName":"Basavaraj Jakkannavar","url":"https://spsprodsin1.vssps.visualstudio.com/Af7b8f002-2267-459a-a1bf-3bd3ee1fe9b2/_apis/Identities/1afd4d4b-6373-67f7-8dde-986e8e430101","_links":{"avatar":{"href":"https://dev.azure.com/azuresynapserepository/_apis/GraphProfile/MemberAvatars/aad.MWFmZDRkNGItNjM3My03N2Y3LThkZGUtOTg2ZThlNDMwMTAx"}},"id":"1afd4d4b-6373-67f7-8dde-986e8e430101","uniqueName":"Basavaraj.J@BRILLIO.COM","imageUrl":"https://dev.azure.com/azuresynapserepository/_apis/GraphProfile/MemberAvatars/aad.MWFmZDRkNGItNjM3My03N2Y3LThkZGUtOTg2ZThlNDMwMTAx","descriptor":"aad.MWFmZDRkNGItNjM3My03N2Y3LThkZGUtOTg2ZThlNDMwMTAx"},"modifiedOn":"2022-02-02T12:22:21.870Z","isDeleted":false,"lastRelease":{"id":8,"name":"Release-7","artifacts":[],"_links":{},"description":"","releaseDefinition":{"id":2,"projectReference":null,"_links":{}},"createdOn":"2022-02-02T12:12:58.900Z","createdBy":{"displayName":"Basavaraj Jakkannavar","url":"https://spsprodsin1.vssps.visualstudio.com/Af7b8f002-2267-459a-a1bf-3bd3ee1fe9b2/_apis/Identities/1afd4d4b-6373-67f7-8dde-986e8e430101","_links":{"avatar":{"href":"https://dev.azure.com/azuresynapserepository/_apis/GraphProfile/MemberAvatars/aad.MWFmZDRkNGItNjM3My03N2Y3LThkZGUtOTg2ZThlNDMwMTAx"}},"id":"1afd4d4b-6373-67f7-8dde-986e8e430101","uniqueName":"Basavaraj.J@BRILLIO.COM","imageUrl":"https://dev.azure.com/azuresynapserepository/_apis/GraphProfile/MemberAvatars/aad.MWFmZDRkNGItNjM3My03N2Y3LThkZGUtOTg2ZThlNDMwMTAx","descriptor":"aad.MWFmZDRkNGItNjM3My03N2Y3LThkZGUtOTg2ZThlNDMwMTAx"}},"variables":{},"variableGroups":[],"environments":[{"id":3,"name":"UAT","rank":1,"owner":{"displayName":"Basavaraj Jakkannavar","url":"https://spsprodsin1.vssps.visualstudio.com/Af7b8f002-2267-459a-a1bf-3bd3ee1fe9b2/_apis/Identities/1afd4d4b-6373-67f7-8dde-986e8e430101","_links":{"avatar":{"href":"https://dev.azure.com/azuresynapserepository/_apis/GraphProfile/MemberAvatars/aad.MWFmZDRkNGItNjM3My03N2Y3LThkZGUtOTg2ZThlNDMwMTAx"}},"id":"1afd4d4b-6373-67f7-8dde-986e8e430101","uniqueName":"Basavaraj.J@BRILLIO.COM","imageUrl":"https://dev.azure.com/azuresynapserepository/_apis/GraphProfile/MemberAvatars/aad.MWFmZDRkNGItNjM3My03N2Y3LThkZGUtOTg2ZThlNDMwMTAx","descriptor":"aad.MWFmZDRkNGItNjM3My03N2Y3LThkZGUtOTg2ZThlNDMwMTAx"},"variables":{},"variableGroups":[],"preDeployApprovals":{"approvals":[{"rank":1,"isAutomated":false,"isNotificationOn":false,"approver":{"displayName":"Basavaraj Jakkannavar","url":"https://spsprodsin1.vssps.visualstudio.com/Af7b8f002-2267-459a-a1bf-3bd3ee1fe9b2/_apis/Identities/1afd4d4b-6373-67f7-8dde-986e8e430101","_links":{"avatar":{"href":"https://dev.azure.com/azuresynapserepository/_apis/GraphProfile/MemberAvatars/aad.MWFmZDRkNGItNjM3My03N2Y3LThkZGUtOTg2ZThlNDMwMTAx"}},"id":"1afd4d4b-6373-67f7-8dde-986e8e430101","uniqueName":"Basavaraj.J@BRILLIO.COM","imageUrl":"https://dev.azure.com/azuresynapserepository/_apis/GraphProfile/MemberAvatars/aad.MWFmZDRkNGItNjM3My03N2Y3LThkZGUtOTg2ZThlNDMwMTAx","descriptor":"aad.MWFmZDRkNGItNjM3My03N2Y3LThkZGUtOTg2ZThlNDMwMTAx"},"id":7}],"approvalOptions":{"requiredApproverCount":0,"releaseCreatorCanBeApprover":true,"autoTriggeredAndPreviousEnvironmentApprovedCanBeSkipped":false,"enforceIdentityRevalidation":false,"timeoutInMinutes":43200,"executionOrder":1}},"deployStep":{"id":10},"postDeployApprovals":{"approvals":[{"rank":1,"isAutomated":true,"isNotificationOn":false,"id":11}],"approvalOptions":{"requiredApproverCount":null,"releaseCreatorCanBeApprover":false,"autoTriggeredAndPreviousEnvironmentApprovedCanBeSkipped":false,"enforceIdentityRevalidation":false,"timeoutInMinutes":0,"executionOrder":2}},"deployPhases":[{"deploymentInput":{"parallelExecution":{"parallelExecutionType":0},"agentSpecification":{"identifier":"vs2017-win2016"},"skipArtifactsDownload":false,"artifactsDownloadInput":{"downloadInputs":[]},"queueId":9,"demands":[],"enableAccessToken":false,"timeoutInMinutes":0,"jobCancelTimeoutInMinutes":1,"condition":"succeeded()","overrideInputs":{}},"rank":1,"phaseType":1,"name":"Agent job","refName":null,"workflowTasks":[{"environment":{},"taskId":"33c63b11-352b-45a2-ba1b-54cb568a29ca","version":"0.*","name":"Use Python 3.x","refName":"","enabled":true,"alwaysRun":false,"continueOnError":false,"timeoutInMinutes":0,"retryCountOnTaskFailure":0,"definitionType":"task","overrideInputs":{},"condition":"succeeded()","inputs":{"versionSpec":"3.x","addToPath":"true","architecture":"x64"}},{"environment":{},"taskId":"6392f95f-7e76-4a18-b3c7-7f078d2f7700","version":"0.*","name":"Run Test Cases","refName":"","enabled":true,"alwaysRun":false,"continueOnError":false,"timeoutInMinutes":0,"retryCountOnTaskFailure":0,"definitionType":"task","overrideInputs":{},"condition":"succeeded()","inputs":{"scriptSource":"filePath","scriptPath":"$(System.DefaultWorkingDirectory)/_Aml_CI_pipeline/hpp/test.py","script":"","arguments":"","pythonInterpreter":"","workingDirectory":"","failOnStderr":"false"}}]}],"environmentOptions":{"emailNotificationType":"OnlyOnFailure","emailRecipients":"release.environment.owner;release.creator","skipArtifactsDownload":false,"timeoutInMinutes":0,"enableAccessToken":false,"publishDeploymentStatus":true,"badgeEnabled":false,"autoLinkWorkItems":false,"pullRequestDeploymentEnabled":false},"demands":[],"conditions":[{"name":"ReleaseStarted","conditionType":1,"value":""}],"executionPolicy":{"concurrencyCount":1,"queueDepthCount":0},"schedules":[],"currentRelease":{"id":8,"url":"https://vsrm.dev.azure.com/azuresynapserepository/2d029855-fc1c-458e-94ca-cb66388fb62a/_apis/Release/releases/8","_links":{}},"retentionPolicy":{"daysToKeep":30,"releasesToKeep":3,"retainBuild":true},"processParameters":{},"properties":{"BoardsEnvironmentType":{"$type":"System.String","$value":"unmapped"},"LinkBoardsWorkItems":{"$type":"System.String","$value":"False"}},"preDeploymentGates":{"id":0,"gatesOptions":null,"gates":[]},"postDeploymentGates":{"id":0,"gatesOptions":null,"gates":[]},"environmentTriggers":[],"badgeUrl":"https://vsrm.dev.azure.com/azuresynapserepository/_apis/public/Release/badge/2d029855-fc1c-458e-94ca-cb66388fb62a/2/3"},{"id":4,"name":"Deploy Model","rank":2,"owner":{"displayName":"Basavaraj Jakkannavar","url":"https://spsprodsin1.vssps.visualstudio.com/Af7b8f002-2267-459a-a1bf-3bd3ee1fe9b2/_apis/Identities/1afd4d4b-6373-67f7-8dde-986e8e430101","_links":{"avatar":{"href":"https://dev.azure.com/azuresynapserepository/_apis/GraphProfile/MemberAvatars/aad.MWFmZDRkNGItNjM3My03N2Y3LThkZGUtOTg2ZThlNDMwMTAx"}},"id":"1afd4d4b-6373-67f7-8dde-986e8e430101","uniqueName":"Basavaraj.J@BRILLIO.COM","imageUrl":"https://dev.azure.com/azuresynapserepository/_apis/GraphProfile/MemberAvatars/aad.MWFmZDRkNGItNjM3My03N2Y3LThkZGUtOTg2ZThlNDMwMTAx","descriptor":"aad.MWFmZDRkNGItNjM3My03N2Y3LThkZGUtOTg2ZThlNDMwMTAx"},"variables":{},"variableGroups":[],"preDeployApprovals":{"approvals":[{"rank":1,"isAutomated":false,"isNotificationOn":false,"approver":{"displayName":"Basavaraj Jakkannavar","url":"https://spsprodsin1.vssps.visualstudio.com/Af7b8f002-2267-459a-a1bf-3bd3ee1fe9b2/_apis/Identities/1afd4d4b-6373-67f7-8dde-986e8e430101","_links":{"avatar":{"href":"https://dev.azure.com/azuresynapserepository/_apis/GraphProfile/MemberAvatars/aad.MWFmZDRkNGItNjM3My03N2Y3LThkZGUtOTg2ZThlNDMwMTAx"}},"id":"1afd4d4b-6373-67f7-8dde-986e8e430101","uniqueName":"Basavaraj.J@BRILLIO.COM","imageUrl":"https://dev.azure.com/azuresynapserepository/_apis/GraphProfile/MemberAvatars/aad.MWFmZDRkNGItNjM3My03N2Y3LThkZGUtOTg2ZThlNDMwMTAx","descriptor":"aad.MWFmZDRkNGItNjM3My03N2Y3LThkZGUtOTg2ZThlNDMwMTAx"},"id":13}],"approvalOptions":{"requiredApproverCount":null,"releaseCreatorCanBeApprover":true,"autoTriggeredAndPreviousEnvironmentApprovedCanBeSkipped":false,"enforceIdentityRevalidation":false,"timeoutInMinutes":0,"executionOrder":1}},"deployStep":{"id":9},"postDeployApprovals":{"approvals":[{"rank":1,"isAutomated":true,"isNotificationOn":false,"id":12}],"approvalOptions":{"requiredApproverCount":null,"releaseCreatorCanBeApprover":false,"autoTriggeredAndPreviousEnvironmentApprovedCanBeSkipped":false,"enforceIdentityRevalidation":false,"timeoutInMinutes":0,"executionOrder":2}},"deployPhases":[{"deploymentInput":{"parallelExecution":{"parallelExecutionType":0},"agentSpecification":{"identifier":"vs2017-win2016"},"skipArtifactsDownload":false,"artifactsDownloadInput":{"downloadInputs":[]},"queueId":9,"demands":[],"enableAccessToken":false,"timeoutInMinutes":0,"jobCancelTimeoutInMinutes":1,"condition":"succeeded()","overrideInputs":{}},"rank":1,"phaseType":1,"name":"Agent job","refName":null,"workflowTasks":[{"environment":{},"taskId":"33c63b11-352b-45a2-ba1b-54cb568a29ca","version":"0.*","name":"Use Python 3.x","refName":"","enabled":true,"alwaysRun":false,"continueOnError":false,"timeoutInMinutes":0,"retryCountOnTaskFailure":0,"definitionType":"task","overrideInputs":{},"condition":"succeeded()","inputs":{"versionSpec":"3.x","addToPath":"true","architecture":"x64"}},{"environment":{},"taskId":"6c731c3c-3c68-459a-a5c9-bde6e6595b5b","version":"3.*","name":"Install AzureML Core","refName":"","enabled":true,"alwaysRun":false,"continueOnError":false,"timeoutInMinutes":0,"retryCountOnTaskFailure":0,"definitionType":"task","overrideInputs":{},"condition":"succeeded()","inputs":{"targetType":"filePath","filePath":"$(System.DefaultWorkingDirectory)/_Aml_CI_pipeline/hpp/install_requirements.sh","arguments":"","script":"# Write your commands here\n\necho 'Hello world'\n","workingDirectory":"","failOnStderr":"false","bashEnvValue":""}},{"environment":{},"taskId":"6392f95f-7e76-4a18-b3c7-7f078d2f7700","version":"0.*","name":"Deploy Model to ACI Endpoint","refName":"","enabled":true,"alwaysRun":false,"continueOnError":false,"timeoutInMinutes":0,"retryCountOnTaskFailure":0,"definitionType":"task","overrideInputs":{},"condition":"succeeded()","inputs":{"scriptSource":"filePath","scriptPath":"$(System.DefaultWorkingDirectory)/_Aml_CI_pipeline/hpp/inference_setup.py","script":"","arguments":"","pythonInterpreter":"","workingDirectory":"","failOnStderr":"false"}}]}],"environmentOptions":{"emailNotificationType":"OnlyOnFailure","emailRecipients":"release.environment.owner;release.creator","skipArtifactsDownload":false,"timeoutInMinutes":0,"enableAccessToken":false,"publishDeploymentStatus":true,"badgeEnabled":false,"autoLinkWorkItems":false,"pullRequestDeploymentEnabled":false},"demands":[],"conditions":[{"name":"UAT","conditionType":2,"value":"4"}],"executionPolicy":{"concurrencyCount":1,"queueDepthCount":0},"schedules":[],"currentRelease":{"id":8,"url":"https://vsrm.dev.azure.com/azuresynapserepository/2d029855-fc1c-458e-94ca-cb66388fb62a/_apis/Release/releases/8","_links":{}},"retentionPolicy":{"daysToKeep":30,"releasesToKeep":3,"retainBuild":true},"processParameters":{},"properties":{"BoardsEnvironmentType":{"$type":"System.String","$value":"unmapped"},"LinkBoardsWorkItems":{"$type":"System.String","$value":"False"}},"preDeploymentGates":{"id":0,"gatesOptions":null,"gates":[]},"postDeploymentGates":{"id":0,"gatesOptions":null,"gates":[]},"environmentTriggers":[],"badgeUrl":"https://vsrm.dev.azure.com/azuresynapserepository/_apis/public/Release/badge/2d029855-fc1c-458e-94ca-cb66388fb62a/2/4"}],"artifacts":[{"sourceId":"2d029855-fc1c-458e-94ca-cb66388fb62a:2","type":"Build","alias":"_Aml_CI_pipeline","definitionReference":{"artifactSourceDefinitionUrl":{"id":"https://dev.azure.com/azuresynapserepository/_permalink/_build/index?collectionId=a3f311e2-e57b-4d14-beb3-eb8890140149&projectId=2d029855-fc1c-458e-94ca-cb66388fb62a&definitionId=2","name":""},"defaultVersionBranch":{"id":"","name":""},"defaultVersionSpecific":{"id":"","name":""},"defaultVersionTags":{"id":"","name":""},"defaultVersionType":{"id":"latestType","name":"Latest"},"definition":{"id":"2","name":"Aml_CI_pipeline"},"definitions":{"id":"","name":""},"IsMultiDefinitionType":{"id":"False","name":"False"},"project":{"id":"2d029855-fc1c-458e-94ca-cb66388fb62a","name":"Azure Synapse Repository"},"repository":{"id":"","name":""}},"isPrimary":true,"isRetained":false}],"triggers":[{"artifactAlias":"_Aml_CI_pipeline","triggerConditions":[],"triggerType":1}],"releaseNameFormat":"Release-$(rev:r)","tags":[],"properties":{"DefinitionCreationSource":{"$type":"System.String","$value":"ReleaseNew"},"IntegrateBoardsWorkItems":{"$type":"System.String","$value":"False"},"IntegrateJiraWorkItems":{"$type":"System.String","$value":"false"}},"id":2,"name":"Release_Pipeline","path":"\\","projectReference":null,"url":"https://vsrm.dev.azure.com/azuresynapserepository/2d029855-fc1c-458e-94ca-cb66388fb62a/_apis/Release/definitions/2","_links":{"self":{"href":"https://vsrm.dev.azure.com/azuresynapserepository/2d029855-fc1c-458e-94ca-cb66388fb62a/_apis/Release/definitions/2"},"web":{"href":"https://dev.azure.com/azuresynapserepository/2d029855-fc1c-458e-94ca-cb66388fb62a/_release?definitionId=2"}}}